<?xml version='1.0' encoding='UTF-8' ?>
<schemas xmlns='http://xml.netbeans.org/schema/JAXBWizConfig' destdir='build/generated-sources/jaxb' projectName='ShakespearePreprocessor' version='1.0'>
	<schema type='-xmlschema' package='cz.fi.muni.xkremser.shakespearepreprocessor.config.generated' name='config'>
		<xjc-options>
		</xjc-options>
		<schema-sources>
			<schema-source location='xml-resources/jaxb/config/config.xsd' origLocation='src/cz/fi/muni/xkremser/shakespearepreprocessor/config/config.xsd'/>
		</schema-sources>
		<bindings>
		</bindings>
		<catalog/>
	</schema>
</schemas>
